Rk,Team,Conf,W-L,BPI Off,BPI Def,BPI,Year
1,Kansas,Big 12,37-3,12.4,9.6,21.9,2008
3,Memphis,C-USA,38-2,11.3,8.0,19.3,2008
4,UCLA,Pac-12,35-4,7.9,10.9,18.9,2008
5,Duke,ACC,28-6,13.8,4.3,18.2,2008
7,West Virginia,Big East,26-11,8.9,7.7,16.6,2008
9,Tennessee,SEC,31-5,13.3,2.8,16.1,2008
14,Xavier,A 10,30-7,7.9,6.4,14.3,2008
15,Marquette,Big East,25-10,8.3,5.9,14.2,2008
17,Texas,Big 12,31-7,9.4,4.3,13.7,2008
18,Michigan St.,Big Ten,27-9,5.8,7.8,13.6,2008
19,Pittsburgh,Big East,27-10,7.2,6.0,13.3,2008
20,Indiana,Big Ten,25-8,8.5,4.1,12.6,2008
22,Connecticut,Big East,24-9,8.5,3.8,12.3,2008
23,Texas A&M,Big 12,25-11,4.1,8.2,12.3,2008
25,USC,Pac-12,21-12,4.9,7.1,12.0,2008
27,Gonzaga,WCC,25-8,8.1,2.9,11.0,2008
28,Mississippi St.,SEC,23-11,5.5,5.5,11.0,2008
29,Arizona,Pac-12,19-15,6.6,4.1,10.7,2008
31,Miami FL,ACC,23-11,8.1,2.2,10.4,2008
32,Drake,MVC,28-5,5.4,4.9,10.3,2008
33,Purdue,Big Ten,25-9,3.9,6.0,9.9,2008
36,Arkansas,SEC,23-12,5.5,4.1,9.7,2008
37,Kansas St.,Big 12,21-12,8.6,1.1,9.6,2008
44,Missouri,Big 12,16-16,10.1,-1.0,9.1,2008
46,VCU,CAA,24-8,0.4,8.6,9.0,2008
50,Maryland,ACC,19-15,5.9,2.4,8.3,2008
54,Illinois,Big Ten,16-19,-0.7,8.8,8.1,2008
56,Baylor,Big 12,21-11,12.6,-4.8,7.8,2008
59,Kent St.,MAC E,28-7,1.8,5.8,7.6,2008
62,Kentucky,SEC,18-13,1.0,6.4,7.4,2008
63,Arizona St.,Pac-12,21-13,0.5,6.7,7.1,2008
71,Houston,C-USA,24-10,8.4,-1.7,6.7,2008
74,Virginia,ACC,17-16,7.8,-1.4,6.4,2008
75,Creighton,MVC,22-11,4.2,2.1,6.3,2008
80,Alabama,SEC,17-16,6.5,-0.5,6.0,2008
82,Providence,Big East,15-16,5.0,0.9,5.8,2008
84,Oral Roberts,Summit,24-9,-0.9,6.5,5.6,2008
99,UC Santa Barbara,Big West,23-9,0.3,3.9,4.3,2008
101,San Diego St.,MW,20-13,-0.7,4.9,4.2,2008
102,North Carolina St.,ACC,15-16,1.1,3.2,4.2,2008
126,Nevada,WAC,21-12,3.9,-1.4,2.4,2008
134,Auburn,SEC,14-16,2.7,-0.7,2.0,2008
135,Utah St.,WAC,24-11,2.8,-0.8,2.0,2008
137,Iowa St.,Big 12,14-18,-2.2,3.9,1.7,2008
155,UNC Asheville,Big South,23-10,2.3,-1.6,0.7,2008
163,Vermont,Am. East,16-15,2.0,-2.0,0.0,2008
164,Iowa,Big Ten,13-19,-9.7,9.7,0.0,2008
168,College of Charleston,Southern,16-17,2.4,-2.7,-0.3,2008
173,TCU,MW,14-16,-0.7,0.0,-0.7,2008
201,Colgate,Patriot,18-14,-4.3,2.2,-2.1,2008
210,Northwestern,Big Ten,22-Aug,-3.6,0.7,-2.9,2008
222,Florida Atlantic,Sun Belt,15-18,2.1,-5.8,-3.8,2008
232,Montana St.,Big Sky,15-15,0.7,-4.8,-4.1,2008
236,Iona,MAAC,20-Dec,-4.5,0.3,-4.2,2008
266,Texas A&M-CC,Southland,20-Sep,-5.2,-1.0,-6.2,2008
289,Princeton,Ivy,23-Jun,-10.8,3.2,-7.5,2008
302,Furman,Southern,23-Jul,-6.6,-2.1,-8.8,2008
303,SE Missouri St.,OVC,19-Dec,3.4,-12.3,-8.9,2008
305,Kennesaw St.,A-Sun,20-Oct,-3.2,-5.9,-9.1,2008
306,Fairleigh Dickinson,NEC,20-Aug,-0.6,-8.7,-9.2,2008
333,Texas Southern,SWAC,25-Jul,-6.7,-7.4,-14.1,2008
336,Howard,MEAC,26-Jun,-12.9,-3.0,-15.9,2008
2,Connecticut,Big East,31-5,12.3,6.4,18.6,2009
3,Memphis,C-USA,33-4,8.1,10.3,18.5,2009
4,Duke,ACC,30-7,11.3,7.0,18.4,2009
5,Pittsburgh,Big East,31-5,11.0,7.0,18.1,2009
7,West Virginia,Big East,23-12,6.5,10.0,16.6,2009
9,Missouri,Big 12,31-7,12.9,2.9,15.8,2009
10,Gonzaga,WCC,28-6,12.8,2.6,15.4,2009
11,Kansas,Big 12,27-8,8.8,6.1,14.9,2009
13,Michigan St.,Big Ten,31-7,7.8,6.1,14.0,2009
16,UCLA,Pac-12,26-9,10.4,3.3,13.7,2009
17,Purdue,Big Ten,27-10,5.6,8.0,13.5,2009
18,Xavier,A 10,27-8,6.1,7.3,13.5,2009
19,Arizona St.,Pac-12,25-10,4.1,8.9,13.0,2009
21,Tennessee,SEC,21-13,11.1,1.5,12.6,2009
22,Illinois,Big Ten,24-10,0.7,11.3,12.0,2009
24,Marquette,Big East,25-10,10.6,1.3,11.8,2009
26,Miami FL,ACC,19-13,6.7,4.8,11.5,2009
27,Texas,Big 12,23-12,5.8,5.7,11.5,2009
36,Kentucky,SEC,22-14,4.3,5.6,9.9,2009
37,USC,Pac-12,22-13,2.3,7.5,9.8,2009
42,Baylor,Big 12,24-15,9.1,0.4,9.5,2009
44,Maryland,ACC,21-14,5.7,3.5,9.3,2009
45,Kansas St.,Big 12,22-12,6.3,2.8,9.1,2009
47,VCU,CAA,24-10,5.0,3.8,8.8,2009
50,Houston,C-USA,21-12,7.7,0.6,8.3,2009
52,San Diego St.,MW,26-10,0.4,7.7,8.1,2009
55,Auburn,SEC,24-12,4.0,3.9,8.0,2009
57,Texas A&M,Big 12,24-10,3.9,3.8,7.8,2009
60,Creighton,MVC,27-8,6.3,1.4,7.7,2009
63,North Carolina St.,ACC,16-14,5.4,2.2,7.6,2009
71,Mississippi St.,SEC,23-13,5.7,1.1,6.8,2009
72,Northwestern,Big Ten,17-14,-0.4,7.2,6.8,2009
73,Arizona,Pac-12,21-14,7.0,-0.2,6.8,2009
74,Utah St.,WAC,30-5,2.8,3.9,6.7,2009
80,Providence,Big East,19-14,11.0,-5.1,5.9,2009
86,Vermont,Am. East,24-9,7.2,-1.5,5.7,2009
96,Virginia,ACC,18-Oct,3.0,1.9,4.8,2009
98,Oral Roberts,Summit,16-15,2.5,1.9,4.4,2009
101,Alabama,SEC,18-14,3.7,0.2,3.9,2009
103,Iowa,Big Ten,15-17,-4.7,8.4,3.7,2009
113,Kent St.,MAC E,19-15,2.0,0.8,2.8,2009
118,Nevada,WAC,21-13,1.6,0.8,2.4,2009
119,Arkansas,SEC,14-16,4.3,-2.0,2.3,2009
121,College of Charleston,Southern,27-9,6.0,-3.8,2.3,2009
129,Drake,MVC,17-16,-1.7,3.5,1.9,2009
137,Iowa St.,Big 12,15-17,-2.7,4.0,1.2,2009
147,TCU,MW,14-17,-2.6,3.5,0.9,2009
167,Iona,MAAC,19-Dec,-3.9,3.7,-0.2,2009
174,Texas A&M-CC,Southland,18-15,-1.1,0.7,-0.4,2009
184,UC Santa Barbara,Big West,16-15,-3.0,1.8,-1.2,2009
249,Princeton,Ivy,13-14,-11.1,6.6,-4.5,2009
251,Indiana,Big Ten,25-Jun,-3.5,-1.0,-4.5,2009
282,Montana St.,Big Sky,14-17,-3.2,-3.4,-6.5,2009
284,Florida Atlantic,Sun Belt,26-Jun,-2.2,-4.4,-6.6,2009
292,UNC Asheville,Big South,15-16,1.0,-8.2,-7.1,2009
305,Colgate,Patriot,20-Oct,-10.8,2.8,-8.0,2009
322,Texas Southern,SWAC,25-Jul,-4.8,-5.5,-10.3,2009
323,Furman,Southern,24-Jun,-8.5,-2.1,-10.6,2009
330,Fairleigh Dickinson,NEC,23-Jul,-3.5,-8.5,-12.0,2009
332,SE Missouri St.,OVC,27-Mar,-1.9,-10.3,-12.2,2009
335,Howard,MEAC,23-Aug,-6.8,-5.8,-12.6,2009
337,Kennesaw St.,A-Sun,22-Jul,-10.9,-2.7,-13.6,2009
1,Duke,ACC,35-5,12.8,9.6,22.5,2010
2,Kansas,Big 12,33-3,13.4,7.8,21.2,2010
4,Kentucky,SEC,35-3,11.7,5.5,17.2,2010
5,West Virginia,Big East,31-7,7.8,8.7,16.5,2010
8,Baylor,Big 12,28-8,9.5,6.0,15.4,2010
9,Maryland,ACC,24-9,11.9,3.3,15.2,2010
11,Purdue,Big Ten,29-6,5.6,9.3,14.9,2010
12,Kansas St.,Big 12,29-8,11.3,3.3,14.5,2010
15,Texas,Big 12,24-10,12.3,1.9,14.2,2010
16,Tennessee,SEC,28-9,7.1,6.7,13.8,2010
17,Missouri,Big 12,23-11,9.1,4.6,13.7,2010
18,Xavier,A 10,26-9,11.9,1.6,13.4,2010
22,Utah St.,WAC,27-8,4.1,8.7,12.8,2010
24,Marquette,Big East,22-12,6.4,6.2,12.6,2010
26,Pittsburgh,Big East,25-9,3.0,9.5,12.5,2010
28,Michigan St.,Big Ten,28-9,6.3,5.9,12.2,2010
34,Texas A&M,Big 12,24-10,4.4,6.8,11.2,2010
35,Mississippi St.,SEC,24-12,5.8,5.2,11.1,2010
44,Connecticut,Big East,18-16,4.4,5.7,10.1,2010
46,Memphis,C-USA,24-10,6.0,4.0,9.9,2010
52,Arizona St.,Pac-12,22-11,0.0,9.4,9.4,2010
54,Miami FL,ACC,20-13,5.3,4.1,9.4,2010
56,VCU,CAA,27-9,7.9,1.2,9.0,2010
57,Gonzaga,WCC,27-7,7.5,1.5,9.0,2010
61,Illinois,Big Ten,21-15,5.4,2.9,8.4,2010
68,San Diego St.,MW,25-9,2.3,5.2,7.4,2010
72,Alabama,SEC,17-15,1.6,5.6,7.1,2010
73,Virginia,ACC,15-16,-0.1,6.6,6.5,2010
75,Iowa St.,Big 12,15-17,4.2,2.1,6.3,2010
76,Northwestern,Big Ten,20-14,3.2,3.1,6.2,2010
78,North Carolina St.,ACC,20-16,0.7,5.5,6.1,2010
79,Kent St.,MAC E,24-10,2.6,3.3,5.9,2010
80,Providence,Big East,19-Dec,13.0,-7.1,5.8,2010
83,USC,Pac-12,16-14,-6.8,12.3,5.6,2010
88,Houston,C-USA,19-16,9.9,-4.6,5.3,2010
90,Nevada,WAC,21-13,8.2,-3.1,5.1,2010
98,Arizona,Pac-12,16-15,5.2,-0.9,4.4,2010
102,Auburn,SEC,15-17,6.4,-2.3,4.2,2010
103,Arkansas,SEC,14-18,6.2,-2.1,4.2,2010
106,Iona,MAAC,21-10,-2.0,6.1,4.1,2010
109,UCLA,Pac-12,14-18,1.5,2.2,3.7,2010
113,Creighton,MVC,18-16,2.8,0.8,3.5,2010
114,Princeton,Ivy,22-9,-8.3,11.7,3.4,2010
122,Oral Roberts,Summit,20-13,-0.4,3.1,2.6,2010
130,Vermont,Am. East,25-10,1.0,1.2,2.2,2010
145,College of Charleston,Southern,22-12,5.9,-4.6,1.3,2010
148,UC Santa Barbara,Big West,20-10,-1.2,2.3,1.2,2010
165,Texas A&M-CC,Southland,17-15,-2.1,2.1,0.0,2010
167,Drake,MVC,14-19,0.6,-0.6,0.0,2010
182,Indiana,Big Ten,21-Oct,0.5,-1.1,-0.6,2010
183,Iowa,Big Ten,22-Oct,-4.0,3.3,-0.7,2010
203,Montana St.,Big Sky,15-14,-2.7,0.8,-1.9,2010
211,TCU,MW,13-19,-0.9,-1.3,-2.2,2010
225,Florida Atlantic,Sun Belt,14-16,2.6,-5.8,-3.2,2010
247,Furman,Southern,13-17,-1.9,-3.3,-5.2,2010
253,Texas Southern,SWAC,17-16,-3.8,-1.8,-5.6,2010
271,Colgate,Patriot,19-Oct,-2.4,-4.1,-6.5,2010
273,UNC Asheville,Big South,15-16,1.4,-8.1,-6.7,2010
287,Kennesaw St.,A-Sun,13-20,-4.3,-3.1,-7.4,2010
302,SE Missouri St.,OVC,23-Jul,-5.2,-3.5,-8.7,2010
310,Fairleigh Dickinson,NEC,21-Nov,-4.8,-4.6,-9.4,2010
341,Howard,MEAC,25-Jul,-10.1,-4.1,-14.2,2010
2,Kansas,Big 12,35-3,13.3,6.5,19.8,2011
3,Duke,ACC,32-5,13.7,5.3,19.0,2011
4,Pittsburgh,Big East,28-6,8.8,9.4,18.2,2011
5,Kentucky,SEC,29-9,8.7,7.8,16.5,2011
6,Purdue,Big Ten,26-8,7.1,9.1,16.2,2011
7,Texas,Big 12,28-8,8.0,8.1,16.1,2011
9,San Diego St.,MW,34-3,6.6,9.0,15.6,2011
18,West Virginia,Big East,21-12,4.5,8.4,12.9,2011
19,Arizona,Pac-12,30-8,9.7,3.0,12.7,2011
21,Illinois,Big Ten,20-14,6.4,6.1,12.5,2011
24,Maryland,ACC,19-14,8.2,3.6,11.9,2011
25,Connecticut,Big East,32-9,6.8,5.0,11.8,2011
27,Missouri,Big 12,23-11,11.1,0.4,11.6,2011
28,Utah St.,WAC,30-4,2.9,8.5,11.4,2011
30,Marquette,Big East,22-15,8.1,3.0,11.1,2011
32,Kansas St.,Big 12,23-11,5.8,5.1,10.8,2011
36,Xavier,A 10,24-8,5.2,5.3,10.5,2011
39,Gonzaga,WCC,25-10,7.9,2.4,10.3,2011
43,Texas A&M,Big 12,24-9,1.1,8.7,9.8,2011
44,Michigan St.,Big Ten,19-15,4.6,5.0,9.7,2011
45,Alabama,SEC,25-12,-0.1,9.8,9.6,2011
50,Tennessee,SEC,19-15,4.4,4.7,9.0,2011
51,Northwestern,Big Ten,20-14,6.5,2.4,8.8,2011
55,VCU,CAA,28-12,6.6,1.6,8.2,2011
56,Miami FL,ACC,21-15,5.4,2.7,8.0,2011
58,USC,Pac-12,19-15,-0.6,8.4,7.9,2011
63,Baylor,Big 12,18-13,2.6,4.9,7.5,2011
65,College of Charleston,Southern,26-11,7.5,-0.1,7.4,2011
67,Iona,MAAC,25-12,9.1,-1.7,7.3,2011
74,UCLA,Pac-12,23-11,3.3,2.7,6.0,2011
76,Memphis,C-USA,25-10,4.5,1.3,5.8,2011
78,Indiana,Big Ten,20-Dec,3.8,2.0,5.7,2011
83,Arkansas,SEC,18-13,3.1,2.2,5.3,2011
84,North Carolina St.,ACC,15-16,4.3,1.0,5.2,2011
85,Iowa St.,Big 12,16-16,5.2,0.0,5.2,2011
91,Iowa,Big Ten,20-Nov,2.3,2.5,4.8,2011
94,Princeton,Ivy,25-7,0.1,4.6,4.6,2011
97,Virginia,ACC,16-15,-3.8,8.3,4.5,2011
102,Providence,Big East,15-17,8.0,-3.9,4.1,2011
108,Vermont,Am. East,23-9,0.1,3.5,3.6,2011
112,Creighton,MVC,23-16,1.6,1.7,3.3,2011
115,Kent St.,MAC E,25-12,2.2,0.9,3.1,2011
128,Mississippi St.,SEC,17-14,2.4,-0.4,2.0,2011
135,Furman,Southern,22-11,-1.1,2.7,1.6,2011
136,Arizona St.,Pac-12,19-Dec,-2.3,3.9,1.6,2011
139,Oral Roberts,Summit,19-16,4.1,-2.7,1.3,2011
142,UNC Asheville,Big South,20-14,2.6,-1.7,0.9,2011
144,UC Santa Barbara,Big West,18-14,-1.3,2.3,0.9,2011
196,Florida Atlantic,Sun Belt,21-11,-1.2,-0.2,-1.5,2011
197,TCU,MW,22-Nov,0.0,-1.6,-1.6,2011
203,Nevada,WAC,13-19,0.6,-2.5,-1.9,2011
217,Houston,C-USA,18-Dec,-0.3,-2.3,-2.6,2011
219,Drake,MVC,13-18,-2.2,-0.4,-2.6,2011
229,Auburn,SEC,20-Nov,-4.5,1.4,-3.1,2011
257,Montana St.,Big Sky,13-18,-2.7,-2.3,-5.1,2011
266,Texas Southern,SWAC,19-13,-6.0,0.1,-5.9,2011
288,SE Missouri St.,OVC,22-Oct,-2.6,-4.5,-7.1,2011
312,Texas A&M-CC,Southland,21-Oct,-6.8,-2.8,-9.5,2011
317,Kennesaw St.,A-Sun,23-Aug,-3.8,-6.4,-10.1,2011
321,Fairleigh Dickinson,NEC,24-May,-5.0,-5.6,-10.6,2011
328,Colgate,Patriot,23-Jul,-4.6,-7.1,-11.7,2011
340,Howard,MEAC,24-Jun,-10.6,-4.3,-15.0,2011
2,Kentucky,SEC,38-2,11.9,8.2,20.1,2012
4,Michigan St.,Big Ten,29-8,7.7,9.9,17.6,2012
7,Kansas,Big 12,32-7,8.2,7.8,16.1,2012
8,Missouri,Big 12,30-5,14.0,1.9,15.9,2012
10,Indiana,Big Ten,27-9,12.1,3.2,15.2,2012
11,Duke,ACC,27-7,12.2,2.6,14.8,2012
12,Memphis,C-USA,26-9,9.5,5.1,14.6,2012
14,Marquette,Big East,27-8,10.5,3.2,13.7,2012
17,Baylor,Big 12,30-8,8.9,3.8,12.7,2012
22,Purdue,Big Ten,22-13,7.5,4.1,11.6,2012
24,Alabama,SEC,21-12,-0.3,11.5,11.2,2012
25,Gonzaga,WCC,26-7,6.8,4.4,11.2,2012
26,Kansas St.,Big 12,22-11,5.8,5.2,11.0,2012
27,Virginia,ACC,22-10,-3.1,14.0,11.0,2012
30,Texas,Big 12,20-14,6.3,4.0,10.3,2012
33,Creighton,MVC,29-6,11.3,-1.3,10.0,2012
35,West Virginia,Big East,19-14,7.3,2.6,9.9,2012
37,Iowa St.,Big 12,23-11,7.2,2.6,9.7,2012
38,Iona,MAAC,25-8,13.1,-3.5,9.6,2012
39,Connecticut,Big East,20-14,4.3,5.2,9.5,2012
41,North Carolina St.,ACC,24-13,7.3,1.5,8.8,2012
43,Pittsburgh,Big East,22-17,4.7,3.6,8.3,2012
44,Miami FL,ACC,20-13,5.0,3.2,8.2,2012
45,VCU,CAA,29-7,2.7,5.5,8.2,2012
49,Xavier,A 10,23-13,5.2,2.8,8.0,2012
51,Arizona,Pac-12,23-12,3.3,4.5,7.8,2012
61,Mississippi St.,SEC,21-12,6.0,0.9,6.9,2012
65,Northwestern,Big Ten,19-14,5.5,1.2,6.7,2012
69,Tennessee,SEC,19-15,2.1,4.5,6.6,2012
70,UCLA,Pac-12,19-14,1.7,4.9,6.6,2012
71,San Diego St.,MW,26-8,3.1,3.4,6.5,2012
76,Illinois,Big Ten,17-15,0.9,5.2,6.1,2012
86,Oral Roberts,Summit,27-7,3.9,1.3,5.1,2012
87,UNC Asheville,Big South,24-10,8.6,-3.6,5.0,2012
93,UC Santa Barbara,Big West,20-11,3.8,0.9,4.7,2012
102,Iowa,Big Ten,18-17,6.8,-2.4,4.4,2012
116,Princeton,Ivy,20-12,-0.2,3.8,3.6,2012
118,Kent St.,MAC E,21-12,2.9,0.4,3.3,2012
119,Arkansas,SEC,18-14,5.0,-1.7,3.2,2012
120,Vermont,Am. East,24-12,-0.4,3.5,3.1,2012
126,Texas A&M,Big 12,14-18,-4.3,7.0,2.7,2012
133,Nevada,WAC,28-7,0.5,1.6,2.1,2012
134,Providence,Big East,15-17,3.4,-1.3,2.0,2012
135,Utah St.,WAC,21-16,-0.6,2.5,2.0,2012
139,Maryland,ACC,17-15,3.2,-1.3,1.9,2012
150,College of Charleston,Southern,19-12,2.2,-0.9,1.3,2012
151,Auburn,SEC,15-16,-2.8,4.0,1.2,2012
153,Drake,MVC,18-16,-0.2,1.3,1.1,2012
154,TCU,MW,18-15,5.5,-4.3,1.1,2012
191,Houston,C-USA,15-15,3.1,-4.5,-1.4,2012
220,Florida Atlantic,Sun Belt,19-Nov,-0.4,-2.7,-3.0,2012
224,USC,Pac-12,26-Jun,-11.3,8.0,-3.3,2012
227,Furman,Southern,15-16,-4.2,0.9,-3.3,2012
242,SE Missouri St.,OVC,15-16,0.4,-4.5,-4.0,2012
245,Arizona St.,Pac-12,21-Oct,-4.8,0.7,-4.1,2012
263,Montana St.,Big Sky,17-Dec,-0.6,-5.1,-5.7,2012
270,Texas Southern,SWAC,15-18,-6.6,0.7,-5.9,2012
309,Texas A&M-CC,Southland,24-Jun,-8.0,-1.9,-9.8,2012
317,Colgate,Patriot,22-Aug,-3.7,-7.1,-10.8,2012
319,Howard,MEAC,21-Oct,-7.8,-3.3,-11.0,2012
327,Kennesaw St.,A-Sun,28-Mar,-5.7,-6.3,-12.0,2012
329,Fairleigh Dickinson,NEC,26-Mar,-7.5,-4.8,-12.3,2012
3,Indiana,Big Ten,29-7,13.8,6.4,20.2,2013
4,Duke,ACC,30-6,12.2,5.4,17.6,2013
5,Kansas,Big 12,31-6,9.8,6.9,16.8,2013
6,Pittsburgh,Big East,24-9,4.5,12.2,16.7,2013
7,Gonzaga,WCC,32-3,10.7,5.6,16.4,2013
12,Arizona,Pac-12,27-8,9.2,5.3,14.5,2013
13,VCU,A 10,27-9,9.6,4.8,14.4,2013
15,Miami FL,ACC,29-7,4.7,9.3,14.0,2013
16,Michigan St.,Big Ten,27-9,3.9,10.0,13.9,2013
18,Creighton,MVC,28-8,8.9,4.5,13.4,2013
19,Missouri,SEC,23-11,10.2,2.2,12.4,2013
22,Kentucky,SEC,21-12,7.8,4.2,12.0,2013
24,Marquette,Big East,26-9,6.1,5.3,11.5,2013
27,Iowa St.,Big 12,23-12,12.6,-1.3,11.3,2013
28,Baylor,Big 12,23-14,9.0,2.3,11.3,2013
29,North Carolina St.,ACC,24-11,11.6,-0.4,11.3,2013
30,Kansas St.,Big 12,27-8,3.8,7.4,11.1,2013
34,San Diego St.,MW,23-11,4.8,6.0,10.8,2013
38,Memphis,C-USA,31-5,6.9,3.5,10.4,2013
40,Virginia,ACC,23-12,-1.7,11.8,10.1,2013
42,Iowa,Big Ten,25-13,5.4,4.5,9.9,2013
47,Connecticut,Big East,20-10,5.7,3.1,8.8,2013
52,Maryland,ACC,25-13,4.3,3.9,8.1,2013
53,Illinois,Big Ten,23-13,4.3,3.9,8.1,2013
56,Alabama,SEC,23-13,-1.8,9.8,7.9,2013
60,UCLA,Pac-12,25-10,8.8,-1.0,7.8,2013
64,Arkansas,SEC,19-13,7.9,-0.6,7.3,2013
72,Tennessee,SEC,20-13,2.5,4.3,6.8,2013
73,Providence,Big East,19-15,4.0,2.8,6.8,2013
78,Purdue,Big Ten,16-18,3.3,2.8,6.2,2013
84,Arizona St.,Pac-12,22-13,3.7,1.7,5.3,2013
85,Texas A&M,SEC,18-15,-1.4,6.1,4.8,2013
86,Iona,MAAC,20-14,12.6,-7.9,4.7,2013
87,Xavier,A 10,17-14,-0.3,5.0,4.7,2013
89,Princeton,Ivy,17-11,-2.4,7.0,4.6,2013
99,Texas,Big 12,16-18,0.9,2.9,3.8,2013
106,West Virginia,Big 12,13-19,0.6,2.6,3.3,2013
110,USC,Pac-12,14-18,0.9,2.2,3.1,2013
117,Oral Roberts,Summit,20-15,3.3,-0.4,2.9,2013
118,Utah St.,WAC,21-10,1.4,1.5,2.9,2013
129,Northwestern,Big Ten,13-19,-2.6,4.6,2.0,2013
131,Texas Southern,SWAC,17-14,2.0,-0.2,1.9,2013
136,Drake,MVC,15-17,5.3,-3.6,1.7,2013
142,Kent St.,MAC E,21-14,3.8,-2.3,1.5,2013
144,Vermont,Am. East,21-12,-3.9,5.3,1.4,2013
151,College of Charleston,Southern,24-11,-1.5,2.7,1.3,2013
166,Houston,C-USA,20-13,7.9,-7.9,0.0,2013
191,Auburn,SEC,23-Sep,-0.1,-1.1,-1.1,2013
199,UNC Asheville,Big South S,16-16,1.4,-2.8,-1.4,2013
216,SE Missouri St.,Ohio Valley W,17-16,3.0,-5.3,-2.3,2013
220,Nevada,MW,19-Dec,0.8,-3.4,-2.6,2013
223,UC Santa Barbara,Big West,20-Nov,-2.9,-0.2,-3.0,2013
234,Florida Atlantic,Sun Belt,14-18,-2.4,-1.6,-4.0,2013
240,Mississippi St.,SEC,22-Oct,-3.7,-0.5,-4.2,2013
257,Northern Kentucky,A-Sun,16-Nov,-8.8,3.3,-5.5,2013
266,TCU,Big 12,21-Nov,-10.5,4.7,-5.8,2013
280,Colgate,Patriot,21-Nov,-2.5,-3.9,-6.4,2013
307,Montana St.,Big Sky,13-17,-1.0,-7.8,-8.8,2013
309,Texas A&M-CC,Southland,23-Jun,-8.0,-0.8,-8.9,2013
324,Howard,MEAC,24-Jul,-14.9,3.9,-11.1,2013
331,Kennesaw St.,A-Sun,27-Mar,-6.2,-5.6,-11.9,2013
338,Furman,Southern,24-Jul,-7.8,-5.3,-13.1,2013
341,Fairleigh Dickinson,NEC,24-Jul,-3.4,-10.0,-13.4,2013
3,Duke,ACC,26-9,13.6,5.2,18.8,2014
4,Arizona,Pac-12,33-5,5.9,11.8,17.7,2014
5,Virginia,ACC,30-7,0.2,16.1,16.4,2014
7,Kansas,Big 12,25-10,11.0,4.8,15.8,2014
10,Pittsburgh,ACC,26-10,7.1,8.3,15.4,2014
11,Michigan St.,Big Ten,29-9,8.5,6.9,15.4,2014
12,Kentucky,SEC,29-10,8.9,6.0,14.9,2014
13,Creighton,Big East,27-8,11.4,3.3,14.8,2014
15,Tennessee,SEC,24-13,5.1,9.4,14.5,2014
18,Iowa,Big Ten,20-13,12.4,1.7,14.1,2014
20,UCLA,Pac-12,28-9,12.0,1.8,13.8,2014
21,San Diego St.,MW,31-5,1.8,11.5,13.3,2014
22,VCU,A 10,26-9,6.8,6.2,13.0,2014
23,Iowa St.,Big 12,28-8,12.8,0.0,12.9,2014
24,Gonzaga,WCC,29-7,7.1,5.7,12.8,2014
25,Connecticut,American,31-8,4.3,8.5,12.7,2014
30,Arkansas,SEC,22-12,10.3,1.1,11.4,2014
31,Baylor,Big 12,26-12,5.8,5.2,11.0,2014
34,Arizona St.,Pac-12,21-12,7.6,2.4,10.1,2014
35,Memphis,American,24-10,7.3,2.7,10.0,2014
39,Xavier,Big East,21-13,5.1,4.5,9.6,2014
48,Providence,Big East,23-12,6.2,2.7,8.8,2014
50,Maryland,ACC,17-15,4.6,3.9,8.5,2014
51,Marquette,Big East,17-15,5.3,3.2,8.4,2014
52,Kansas St.,Big 12,20-13,0.4,8.0,8.4,2014
53,West Virginia,Big 12,17-16,7.9,0.4,8.3,2014
54,Texas,Big 12,24-11,5.0,3.3,8.3,2014
55,Missouri,SEC,23-12,6.1,1.9,8.0,2014
62,Indiana,Big Ten,17-15,4.1,3.2,7.4,2014
64,Iona,MAAC,22-11,11.7,-4.3,7.3,2014
71,Illinois,Big Ten,20-15,-2.2,9.1,6.8,2014
75,Alabama,SEC,14-18,0.0,6.5,6.5,2014
77,North Carolina St.,ACC,22-14,4.7,1.5,6.2,2014
85,Purdue,Big Ten,15-17,5.0,0.7,5.6,2014
88,Vermont,Am. East,22-11,-0.7,6.2,5.4,2014
96,UC Santa Barbara,Big West,21-9,0.7,3.7,4.4,2014
98,Texas A&M,SEC,18-16,-3.4,7.6,4.2,2014
112,Miami FL,ACC,17-16,-5.3,8.8,3.5,2014
113,Princeton,Ivy,21-9,0.2,3.1,3.3,2014
114,Utah St.,MW,18-14,0.9,2.4,3.3,2014
119,Auburn,SEC,14-16,2.6,0.3,2.9,2014
133,Northwestern,Big Ten,14-19,-7.2,9.1,1.9,2014
153,Nevada,MW,15-17,2.8,-2.0,0.8,2014
163,Kent St.,MAC E,16-16,-0.5,0.7,0.2,2014
170,Houston,American,17-16,2.6,-2.6,-0.1,2014
174,Drake,MVC,15-16,-1.3,1.0,-0.2,2014
178,USC,Pac-12,21-Nov,1.5,-2.1,-0.5,2014
190,Oral Roberts,Southland,17-16,-1.1,-0.2,-1.3,2014
192,Colgate,Patriot,13-18,-0.9,-0.4,-1.4,2014
196,Mississippi St.,SEC,14-19,-1.7,-0.1,-1.8,2014
212,SE Missouri St.,Ohio Valley W,18-14,6.0,-8.3,-2.2,2014
220,UNC Asheville,Big South S,17-15,2.6,-5.6,-2.9,2014
234,Texas Southern,SWAC,19-15,3.9,-7.2,-3.4,2014
239,College of Charleston,CAA,14-18,-7.3,3.7,-3.7,2014
252,TCU,Big 12,22-Sep,-5.4,1.2,-4.2,2014
254,Florida Atlantic,C-USA,22-Oct,-4.9,0.6,-4.3,2014
265,Grand Canyon,WAC,15-15,-1.0,-3.8,-4.8,2014
270,Louisiana Lafayette,Sun Belt,20-Nov,1.1,-6.3,-5.2,2014
272,Texas A&M-CC,Southland,18-16,-5.7,0.4,-5.3,2014
278,Montana St.,Big Sky,14-17,-4.6,-1.5,-6.1,2014
297,Northern Kentucky,A-Sun,21-Sep,-4.6,-3.6,-8.2,2014
317,Fairleigh Dickinson,NEC,21-Oct,-3.3,-6.6,-9.9,2014
336,Kennesaw St.,A-Sun,25-Jun,-7.7,-4.1,-11.7,2014
343,Howard,MEAC,25-Aug,-10.2,-2.6,-12.7,2014
346,Furman,Southern,21-Sep,-7.9,-5.6,-13.5,2014
1,Kentucky,SEC,38-1,10.3,13.6,23.9,2015
2,Duke,ACC,34-4,16.4,6.0,22.4,2015
4,Virginia,ACC,30-4,1.9,17.7,19.6,2015
5,Arizona,Pac-12,34-4,10.7,8.9,19.6,2015
8,Gonzaga,WCC,35-3,11.5,4.9,16.4,2015
13,Kansas,Big 12,27-9,8.9,5.5,14.4,2015
15,Iowa St.,Big 12,25-9,12.7,1.1,13.8,2015
16,Michigan St.,Big Ten,27-12,7.6,6.2,13.7,2015
18,Baylor,Big 12,24-10,4.8,8.8,13.6,2015
20,Texas,Big 12,20-14,4.0,8.5,12.5,2015
21,Iowa,Big Ten,22-12,5.6,6.5,12.1,2015
22,VCU,A 10,26-10,8.3,3.7,12.0,2015
24,West Virginia,Big 12,25-10,8.0,3.5,11.5,2015
26,Maryland,Big Ten,28-7,4.1,6.4,10.5,2015
27,North Carolina St.,ACC,22-14,6.4,4.0,10.4,2015
28,Providence,Big East,22-12,5.8,4.6,10.4,2015
33,Arkansas,SEC,27-9,10.4,-0.4,10.0,2015
34,Purdue,Big Ten,21-13,4.6,5.3,9.9,2015
36,Illinois,Big Ten,19-14,4.8,4.9,9.7,2015
37,Indiana,Big Ten,20-14,11.5,-1.9,9.7,2015
38,Miami FL,ACC,25-13,4.4,5.3,9.7,2015
40,Xavier,Big East,23-14,8.4,1.1,9.5,2015
52,Texas A&M,SEC,21-12,2.5,5.6,8.1,2015
53,TCU,Big 12,18-15,2.2,5.8,8.0,2015
56,San Diego St.,MW,27-9,-3.3,11.0,7.7,2015
58,Connecticut,American,20-15,1.5,6.2,7.7,2015
66,Alabama,SEC,19-15,2.2,4.6,6.7,2015
71,Memphis,American,18-14,2.5,3.8,6.2,2015
72,Kansas St.,Big 12,15-17,0.0,6.2,6.2,2015
74,Pittsburgh,ACC,19-15,2.0,4.0,6.0,2015
82,Arizona St.,Pac-12,18-16,4.1,1.4,5.5,2015
90,Iona,MAAC,26-9,10.9,-6.1,4.9,2015
91,UCLA,Pac-12,22-14,5.8,-1.0,4.8,2015
99,Tennessee,SEC,16-16,-0.3,4.8,4.5,2015
103,Creighton,Big East,14-19,2.5,1.7,4.2,2015
106,UC Santa Barbara,Big West,19-14,1.7,2.2,4.0,2015
108,Northwestern,Big Ten,15-17,-1.2,5.2,4.0,2015
110,Vermont,Am. East,20-14,-0.8,4.7,3.8,2015
117,Marquette,Big East,13-19,0.0,3.4,3.4,2015
131,Kent St.,MAC E,23-12,-1.2,3.4,2.2,2015
137,Utah St.,MW,18-13,0.3,1.4,1.7,2015
156,Auburn,SEC,15-20,3.8,-3.4,0.4,2015
160,Mississippi St.,SEC,13-19,-3.9,4.1,0.2,2015
161,Colgate,Patriot,16-17,-0.5,0.6,0.2,2015
181,Princeton,Ivy,16-14,1.3,-2.1,-0.7,2015
194,Oral Roberts,Summit,19-15,1.5,-3.0,-1.5,2015
198,Northern Kentucky,A-Sun,13-17,0.2,-1.9,-1.7,2015
213,Houston,American,13-19,-1.8,-0.6,-2.4,2015
215,Missouri,SEC,23-Sep,-4.0,1.6,-2.4,2015
224,Texas A&M-CC,Southland,20-14,-3.5,0.6,-2.9,2015
225,USC,Pac-12,20-Dec,0.2,-3.1,-2.9,2015
227,Texas Southern,SWAC,22-13,-0.4,-2.6,-3.0,2015
228,UNC Asheville,Big South,15-16,1.3,-4.3,-3.0,2015
239,SE Missouri St.,Ohio Valley W,13-17,-0.3,-3.4,-3.7,2015
255,Howard,MEAC,16-16,-6.5,1.9,-4.6,2015
264,Grand Canyon,WAC,17-15,-0.6,-4.4,-5.0,2015
272,College of Charleston,CAA,24-Sep,-8.4,2.9,-5.6,2015
277,Florida Atlantic,C-USA,20-Sep,-5.4,-0.5,-5.9,2015
286,Drake,MVC,22-Sep,-5.4,-1.2,-6.6,2015
313,Furman,Southern,22-Nov,-5.8,-2.6,-8.4,2015
315,Nevada,MW,22-Sep,-6.4,-2.2,-8.6,2015
316,Fairleigh Dickinson,NEC,21-Aug,-1.6,-7.2,-8.8,2015
318,Montana St.,Big Sky,23-Jul,-5.4,-3.5,-9.0,2015
341,Kennesaw St.,A-Sun,22-Oct,-5.3,-7.4,-12.7,2015
3,Michigan St.,Big Ten,29-6,10.5,8.1,18.6,2016
4,Virginia,ACC,29-8,3.4,15.2,18.6,2016
5,Kansas,Big 12,33-5,11.8,6.6,18.5,2016
7,West Virginia,Big 12,26-9,8.9,7.7,16.5,2016
8,Kentucky,SEC,27-9,9.8,6.4,16.2,2016
9,Purdue,Big Ten,26-9,7.7,8.2,15.9,2016
10,Indiana,Big Ten,27-8,11.5,4.3,15.8,2016
11,Duke,ACC,25-11,12.1,3.5,15.6,2016
14,Arizona,Pac-12,25-9,9.6,5.2,14.8,2016
16,Xavier,Big East,28-6,10.1,4.0,14.1,2016
18,Connecticut,American,25-11,4.4,9.1,13.5,2016
19,Miami FL,ACC,27-8,6.7,6.8,13.5,2016
20,Maryland,Big Ten,27-9,6.3,7.0,13.3,2016
21,Texas A&M,SEC,28-9,5.5,7.5,13.0,2016
24,Iowa,Big Ten,22-11,7.4,5.5,12.9,2016
25,Iowa St.,Big 12,23-12,12.3,0.5,12.8,2016
26,Gonzaga,WCC,28-8,6.4,6.1,12.5,2016
27,Pittsburgh,ACC,21-12,5.2,7.1,12.3,2016
29,Baylor,Big 12,22-12,7.5,4.3,11.8,2016
35,VCU,A 10,25-11,5.6,5.0,10.6,2016
41,Creighton,Big East,20-15,8.4,1.4,9.8,2016
45,Texas,Big 12,20-13,2.7,7.0,9.6,2016
50,Princeton,Ivy,22-7,5.6,3.1,8.7,2016
58,Houston,American,22-10,6.5,1.2,7.6,2016
59,Memphis,American,19-15,5.3,2.3,7.6,2016
60,San Diego St.,MW,28-10,-3.1,10.6,7.5,2016
61,Arkansas,SEC,16-16,6.7,0.7,7.4,2016
62,Providence,Big East,24-11,3.8,3.6,7.4,2016
63,Kansas St.,Big 12,17-16,0.7,6.6,7.4,2016
64,Northwestern,Big Ten,20-12,0.9,6.5,7.3,2016
65,USC,Pac-12,21-13,7.7,-0.4,7.3,2016
69,North Carolina St.,ACC,16-17,5.7,1.4,7.1,2016
72,UC Santa Barbara,Big West,19-14,1.8,5.0,6.7,2016
85,Mississippi St.,SEC,14-17,4.3,1.2,5.5,2016
88,UCLA,Pac-12,15-17,5.3,0.0,5.3,2016
97,Tennessee,SEC,15-19,4.3,0.3,4.6,2016
99,Alabama,SEC,18-15,-2.5,7.1,4.5,2016
101,Marquette,Big East,20-13,4.2,0.3,4.5,2016
106,Iona,MAAC,22-11,6.9,-2.7,4.2,2016
114,Arizona St.,Pac-12,15-17,2.1,1.1,3.3,2016
121,UNC Asheville,Big South,22-12,0.8,1.9,2.7,2016
122,Illinois,Big Ten,15-19,2.7,-0.2,2.6,2016
125,College of Charleston,CAA,17-14,-7.1,9.4,2.3,2016
129,Vermont,Am. East,23-14,1.1,1.0,2.1,2016
130,Nevada,MW,24-14,1.9,0.0,2.0,2016
141,TCU,Big 12,21-Dec,-2.0,3.4,1.3,2016
144,Grand Canyon,WAC,27-7,1.5,-0.2,1.3,2016
147,Utah St.,MW,16-15,0.5,0.8,1.2,2016
153,Furman,Southern,19-16,-2.7,3.6,0.9,2016
165,Missouri,SEC,21-Oct,-1.4,1.5,0.1,2016
167,Kent St.,MAC E,19-13,0.6,-0.6,0.0,2016
169,Texas Southern,SWAC,18-15,0.9,-1.0,-0.1,2016
180,Auburn,SEC,20-Nov,0.9,-1.8,-0.9,2016
190,Oral Roberts,Summit,14-17,2.1,-3.4,-1.3,2016
193,Texas A&M-CC,Southland,25-8,-1.5,0.0,-1.6,2016
243,Colgate,Patriot,13-17,-2.6,-1.9,-4.5,2016
244,Northern Kentucky,Horizon,21-Sep,-3.2,-1.4,-4.6,2016
248,Montana St.,Big Sky,14-17,0.7,-5.3,-4.7,2016
249,Drake,MVC,24-Jul,-2.6,-2.2,-4.7,2016
278,Fairleigh Dickinson,NEC,18-15,2.1,-8.8,-6.7,2016
283,Kennesaw St.,A-Sun,20-Nov,-2.5,-4.4,-7.0,2016
310,Florida Atlantic,C-USA,25-Aug,-6.9,-1.6,-8.6,2016
328,Howard,MEAC,20-Dec,-4.4,-5.8,-10.2,2016
336,SE Missouri St.,Ohio Valley W,24-May,-6.2,-5.5,-11.7,2016
1,Gonzaga,WCC,37-2,10.8,9.5,20.4,2017
4,Kansas,Big 12,31-5,12.1,6.3,18.4,2017
7,Duke,ACC,28-9,11.8,5.9,17.7,2017
8,West Virginia,Big 12,28-9,8.2,9.4,17.6,2017
9,Kentucky,SEC,32-6,9.6,7.9,17.5,2017
11,Virginia,ACC,23-11,5.8,11.4,17.2,2017
12,UCLA,Pac-12,31-5,14.4,2.4,16.8,2017
14,Purdue,Big Ten,27-8,8.9,7.2,16.1,2017
18,Baylor,Big 12,27-8,7.9,7.1,15.1,2017
21,Iowa St.,Big 12,24-11,9.6,5.1,14.7,2017
22,Arizona,Pac-12,32-5,8.8,5.9,14.7,2017
27,Creighton,Big East,25-10,8.1,3.9,12.0,2017
29,Marquette,Big East,19-13,9.8,1.0,10.8,2017
31,Miami FL,ACC,21-12,4.5,6.2,10.7,2017
32,Indiana,Big Ten,18-16,7.5,3.2,10.6,2017
33,Xavier,Big East,24-14,6.8,3.6,10.4,2017
37,Kansas St.,Big 12,21-14,5.1,5.1,10.2,2017
42,VCU,A 10,26-9,3.5,6.2,9.7,2017
43,Michigan St.,Big Ten,20-15,4.6,5.1,9.7,2017
44,TCU,Big 12,24-15,5.7,4.0,9.7,2017
45,Arkansas,SEC,26-10,6.5,3.1,9.6,2017
47,Northwestern,Big Ten,24-12,3.6,5.8,9.4,2017
48,Houston,American,21-11,6.5,2.7,9.2,2017
49,Nevada,MW,28-7,7.4,1.6,9.0,2017
50,Vermont,Am. East,29-6,4.7,4.3,9.0,2017
51,Maryland,Big Ten,24-9,4.7,4.2,8.9,2017
54,Princeton,Ivy,23-7,3.9,4.4,8.3,2017
55,Providence,Big East,20-13,2.8,5.4,8.3,2017
57,USC,Pac-12,26-10,6.2,1.6,7.8,2017
58,Alabama,SEC,19-15,-0.3,8.1,7.8,2017
62,Tennessee,SEC,16-16,3.2,4.0,7.2,2017
63,Illinois,Big Ten,20-15,2.4,4.7,7.2,2017
70,Texas,Big 12,22-Nov,0.2,6.2,6.4,2017
71,Pittsburgh,ACC,16-17,5.9,0.4,6.2,2017
73,Texas A&M,SEC,16-15,2.6,3.5,6.1,2017
79,Iowa,Big Ten,19-15,4.1,1.3,5.4,2017
82,Auburn,SEC,18-14,3.8,1.3,5.2,2017
85,San Diego St.,MW,19-14,-0.7,5.6,4.9,2017
87,North Carolina St.,ACC,15-17,5.6,-0.8,4.8,2017
91,Connecticut,American,16-17,1.0,3.4,4.5,2017
93,College of Charleston,CAA,25-10,0.0,4.4,4.4,2017
94,UNC Asheville,Big South,23-10,2.0,2.3,4.3,2017
95,Furman,Southern,23-12,2.0,2.2,4.2,2017
99,Mississippi St.,SEC,16-16,1.3,2.5,3.9,2017
116,Memphis,American,19-13,0.9,1.8,2.7,2017
140,Kent St.,MAC E,22-14,0.7,0.7,1.4,2017
145,Iona,MAAC,22-13,4.3,-3.2,1.2,2017
162,Utah St.,MW,14-17,0.7,-0.6,0.1,2017
165,Arizona St.,Pac-12,15-18,3.9,-4.0,0.0,2017
170,Northern Kentucky,Horizon,24-11,0.5,-0.7,-0.2,2017
172,Missouri,SEC,24-Aug,-2.6,2.4,-0.2,2017
185,Texas Southern,SWAC,23-12,1.3,-2.2,-0.9,2017
203,Grand Canyon,WAC,22-9,-1.5,-0.3,-1.9,2017
216,Texas A&M-CC,Southland,24-12,-1.7,-0.9,-2.6,2017
242,Oral Roberts,Summit,22-Aug,0.1,-4.4,-4.3,2017
247,Fairleigh Dickinson,NEC,19-Nov,-0.4,-4.0,-4.4,2017
250,Montana St.,Big Sky,16-16,-0.7,-3.8,-4.5,2017
258,SE Missouri St.,Ohio Valley W,15-18,-1.5,-3.6,-5.0,2017
261,Kennesaw St.,A-Sun,14-18,-1.4,-3.8,-5.2,2017
272,Colgate,Patriot,22-Oct,-3.2,-2.6,-5.8,2017
285,Drake,MVC,24-Jul,-1.6,-5.0,-6.5,2017
290,Florida Atlantic,C-USA,20-Oct,-4.5,-2.5,-6.9,2017
316,UC Santa Barbara,Big West,22-Jun,-7.0,-2.4,-9.4,2017
338,Howard,MEAC,24-Oct,-9.5,-3.3,-12.8,2017
2,Virginia,ACC,31-3,7.0,13.2,20.2,2018
3,Duke,ACC,29-8,12.4,7.5,19.8,2018
4,Purdue,Big Ten,30-7,12.0,7.0,19.0,2018
6,Michigan St.,Big Ten,30-5,10.1,7.7,17.8,2018
7,Kansas,Big 12,31-8,11.2,5.2,16.5,2018
9,West Virginia,Big 12,26-11,9.4,6.4,15.8,2018
10,Gonzaga,WCC,32-5,9.4,5.9,15.4,2018
13,Xavier,Big East,29-6,10.5,4.2,14.7,2018
14,Tennessee,SEC,26-9,6.0,8.3,14.4,2018
18,Houston,American,27-8,6.8,6.6,13.4,2018
19,Kentucky,SEC,26-11,7.0,5.9,12.9,2018
22,TCU,Big 12,21-12,9.6,2.7,12.3,2018
23,Auburn,SEC,26-8,7.1,5.1,12.2,2018
24,Creighton,Big East,21-12,8.1,4.1,12.2,2018
26,Arizona,Pac-12,27-8,9.4,2.5,11.9,2018
31,Nevada,MW,29-8,9.4,1.7,11.2,2018
32,Texas A&M,SEC,22-13,4.1,6.7,10.8,2018
35,Miami FL,ACC,22-10,4.9,5.7,10.6,2018
38,Baylor,Big 12,19-15,5.0,5.4,10.4,2018
39,Maryland,Big Ten,19-13,5.7,4.5,10.2,2018
40,Texas,Big 12,19-15,3.2,6.8,10.0,2018
41,Arkansas,SEC,23-12,7.6,2.4,10.0,2018
46,Arizona St.,Pac-12,20-12,7.3,2.0,9.2,2018
47,Kansas St.,Big 12,25-12,3.5,5.7,9.2,2018
49,Missouri,SEC,20-13,4.4,4.8,9.1,2018
50,Marquette,Big East,21-14,9.2,-0.2,9.0,2018
51,USC,Pac-12,24-12,6.3,2.6,8.9,2018
53,San Diego St.,MW,22-11,3.6,5.1,8.8,2018
54,Alabama,SEC,20-16,2.7,6.0,8.6,2018
56,UCLA,Pac-12,21-12,6.9,1.3,8.1,2018
58,Mississippi St.,SEC,25-12,3.0,5.0,8.0,2018
62,Providence,Big East,21-14,2.5,5.1,7.7,2018
66,Vermont,Am. East,27-8,5.8,1.5,7.4,2018
69,Furman,Southern,23-10,4.0,3.0,7.0,2018
74,Northwestern,Big Ten,15-17,3.1,3.7,6.8,2018
75,Northern Kentucky,Horizon,22-10,2.5,4.3,6.7,2018
78,Indiana,Big Ten,16-15,2.9,3.7,6.6,2018
90,Iowa,Big Ten,14-19,7.4,-1.6,5.8,2018
95,Iowa St.,Big 12,13-18,3.1,1.5,4.6,2018
97,Illinois,Big Ten,14-18,2.7,1.8,4.5,2018
114,College of Charleston,CAA,26-8,2.3,0.9,3.3,2018
115,Grand Canyon,WAC,22-12,-0.7,3.9,3.2,2018
116,Iona,MAAC,20-14,4.4,-1.3,3.1,2018
144,UC Santa Barbara,Big West,23-9,2.6,-1.4,1.2,2018
153,Utah St.,MW,17-17,1.3,-0.3,1.0,2018
160,Memphis,American,21-13,1.2,-0.7,0.5,2018
173,Connecticut,American,14-18,-0.5,0.3,-0.2,2018
175,UNC Asheville,Big South,21-13,0.8,-1.1,-0.2,2018
177,Princeton,Ivy,13-16,0.6,-0.9,-0.3,2018
180,Drake,MVC,17-17,0.3,-0.7,-0.4,2018
187,Colgate,Patriot,19-14,1.0,-1.8,-0.9,2018
206,Kent St.,MAC E,17-17,-1.6,-0.7,-2.4,2018
229,Texas Southern,SWAC,16-20,0.7,-4.3,-3.6,2018
235,Florida Atlantic,C-USA,19-Dec,-5.0,1.0,-4.0,2018
247,Pittsburgh,ACC,24-Aug,-4.4,-0.4,-4.8,2018
251,Fairleigh Dickinson,NEC,13-18,-1.5,-3.5,-5.0,2018
275,SE Missouri St.,OVC,14-17,1.5,-7.7,-6.3,2018
276,Montana St.,Big Sky,13-19,-1.9,-4.4,-6.4,2018
282,Oral Roberts,Summit,21-Nov,-0.9,-5.7,-6.6,2018
307,Kennesaw St.,A-Sun,20-Oct,-4.1,-4.0,-8.1,2018
317,Texas A&M-CC,Southland,18-Nov,-7.3,-1.4,-8.7,2018
335,Howard,MEAC,23-Oct,-4.7,-7.2,-11.9,2018
